{"2600:1900:4030::/44": 0.000594, "2600:1900:41a0::/44": 0.0004983, "2600:1900:4050::/44": 0.0006094, "2600:1900:41d0::/44": 0.0004862, "2600:1901:8180::/44": 0.0005027, "2600:1900:40a0::/44": 0.0007931, "2600:1900:41b0::/44": 0.0007227, "2600:1900:4080::/44": 0.0005423, "2600:1901:8170::/44": 0.0007117, "2600:1900:40b0::/44": 0.0007997, "2600:1900:41c0::/44": 0.0007601, "2600:1900:4140::/44": 0.0006842, "2600:1900:4150::/44": 0.0001463, "2600:1901:8100::/44": null, "2600:1900:4010::/44": 0.0002332, "2600:1900:40c0::/44": 0.0002541, "2600:1900:40d0::/44": 0.0003223, "2600:1900:4060::/44": 0.000451, "2600:1900:4160::/44": 9.57e-05, "2600:1901:8110::/44": null, "2600:1901:8120::/44": null, "2600:1901::/48": null, "2600:1901:8160::/44": null, "2600:1900:40e0::/44": 2.97e-05, "2600:1900:41e0::/44": null, "2600:1900:40f0::/44": 0.0001133, "2600:1901:4010::/44": null, "2600:1900:4000::/44": 0.0004994, "2600:1900:4070::/44": null, "2600:1900:4020::/44": 0.000528, "2600:1900:4090::/44": 0.0003971, "2600:1901:8130::/44": null, "2600:1901:8150::/44": null, "2600:1901:8140::/44": null, "2600:1900:4040::/44": 8.58e-05, "2600:1900:4120::/44": 0.0002783, "2600:1900:4170::/44": 0.0005863, "2600:1900:4180::/44": 0.0005005}